company_name,careers_url,ats_provider,ats_identifier,priority,enabled
Postman,https://www.postman.com/company/careers/,custom,postman,5,true
Razorpay,https://razorpay.com/jobs/,greenhouse,razorpaysoftwareprivatelimited,5,true
Fivetran,https://www.fivetran.com/careers,greenhouse,fivetran,4,true
Cockroach Labs,https://www.cockroachlabs.com/careers/,greenhouse,cockroachlabs,4,true
Unity,https://unitytech.wd1.myworkdayjobs.com/Unity,workday,unitytech|Unity,4,true
Coupang,https://www.coupang.jobs/,greenhouse,coupang,4,true
Cohere Health,https://www.coherehealth.com/careers,greenhouse,coherehealth,4,true
EarnIn,https://www.earnin.com/careers,greenhouse,earnin,4,true
Crunchyroll,https://www.crunchyroll.com/about/jobs,greenhouse,crunchyroll,3,true
Celonis,https://www.celonis.com/careers/jobs,greenhouse,celonis,3,true
Pure Storage,https://www.purestorage.com/company/careers.html,greenhouse,purestorage,4,true
Plivo,https://www.plivo.com/careers/,lever,plivo,3,true
Hevo Data,https://hevodata.com/careers/,lever,hevodata,5,true
Warner Music Group,https://www.wmg.com/careers,lever,wmg,4,true
Zimperium,https://www.zimperium.com/careers,lever,zimperium,5,true
JumpCloud,https://jumpcloud.com/careers,lever,jumpcloud,4,true
Acceldata,https://www.acceldata.io/careers,lever,acceldata,5,true
Kobie,https://kobie.com/careers/,lever,kobie,3,true
Deel,https://www.deel.com/careers/,ashby,deel,3,true
Sarvam AI,https://www.sarvam.ai/careers,ashby,sarvam,5,true
Wisdom AI,https://www.wisdom.ai/careers,ashby,Wisdom-AI,4,true
SPAN,https://www.span.io/careers,ashby,span,3,true
Cardboard,https://www.cardboard.ai/careers,ashby,cardboard,3,true
Ambient.ai,https://ambient.ai/careers,ashby,ambient.ai,3,true
Ema,https://www.ema.co/careers,ashby,ema,4,true
Airbus,https://ag.wd3.myworkdayjobs.com/Airbus,workday,ag|Airbus,4,true
Intel,https://intel.wd1.myworkdayjobs.com/External,workday,intel|External,5,true
Lloyds Technology Centre,https://lbg.wd3.myworkdayjobs.com/Lloyds_Technology_Centre,workday,lbg|Lloyds_Technology_Centre,4,true
Visa,https://visa.wd5.myworkdayjobs.com/Visa,workday,visa|Visa,5,true
Thomson Reuters,https://thomsonreuters.wd5.myworkdayjobs.com/External_Career_Site,workday,thomsonreuters|External_Career_Site,5,true
Genpact,https://genpact.wd108.myworkdayjobs.com/External_Careers,workday,genpact|External_Careers,4,true
FactSet,https://factset.wd108.myworkdayjobs.com/FactSetCareers,workday,factset|FactSetCareers,4,true
Broadridge,https://broadridge.wd5.myworkdayjobs.com/Careers,workday,broadridge|Careers,4,true
Aptiv,https://aptiv.wd5.myworkdayjobs.com/APTIV_CAREERS,workday,aptiv|APTIV_CAREERS,4,true
Perceptive,https://calyx.wd1.myworkdayjobs.com/Perceptive,workday,calyx|Perceptive,3,true
Danaher,https://danaher.wd1.myworkdayjobs.com/DanaherJobs,workday,danaher|DanaherJobs,4,true
Weir,https://weir.wd3.myworkdayjobs.com/Weir_External_Careers,workday,weir|Weir_External_Careers,3,true
Motorola Solutions,https://motorolasolutions.wd5.myworkdayjobs.com/Careers,workday,motorolasolutions|Careers,5,true
LSEG,https://lseg.wd3.myworkdayjobs.com/Careers,workday,lseg|Careers,4,true
Infios,https://infios.wd502.myworkdayjobs.com/Infios,workday,infios|Infios,3,true
LPL Financial,https://lplfinancial.wd1.myworkdayjobs.com/India_Ext,workday,lplfinancial|India_Ext,4,true
Epicor,https://epicorsoftware.wd5.myworkdayjobs.com/epicorjobs,workday,epicorsoftware|epicorjobs,4,true
Diageo,https://diageo.wd3.myworkdayjobs.com/Diageo_Careers,workday,diageo|Diageo_Careers,3,true
Franklin Templeton,https://franklintempleton.wd5.myworkdayjobs.com/Primary-External-1,workday,franklintempleton|Primary-External-1,4,true
Salesforce,https://salesforce.wd12.myworkdayjobs.com/External_Career_Site,workday,salesforce|External_Career_Site,5,true
Sprinklr,https://sprinklr.wd1.myworkdayjobs.com/careers,workday,sprinklr|careers,4,true
ModMed,https://modmed.wd501.myworkdayjobs.com/ModMed12,workday,modmed|ModMed12,3,true
NVIDIA,https://nvidia.wd5.myworkdayjobs.com/NVIDIAExternalCareerSite,workday,nvidia|NVIDIAExternalCareerSite,5,true
Medtronic,https://medtronic.wd1.myworkdayjobs.com/medtroniccareers,workday,medtronic|medtroniccareers,4,true
Silicon Labs,https://silabs.wd1.myworkdayjobs.com/SiliconLabsCareers,workday,silabs|SiliconLabsCareers,4,true
Rimini Street,https://riministreet.wd1.myworkdayjobs.com/riministreet,workday,riministreet|riministreet,3,true
AVEVA,https://aveva.wd3.myworkdayjobs.com/AVEVA_careers,workday,aveva|AVEVA_careers,4,true
Dell Technologies,https://enterpriseplatform.dell.com/hcmUI/CandidateExperience/en/sites/careers/jobs,custom,dell,5,true
HP,https://hp.wd5.myworkdayjobs.com/ExternalCareerSite,workday,hp|ExternalCareerSite,4,true
HPE,https://hpe.wd5.myworkdayjobs.com/Jobsathpe,workday,hpe|Jobsathpe,5,true
Qualcomm,https://qualcomm.wd12.myworkdayjobs.com/External,workday,qualcomm|External,5,true
AMD,https://careers.amd.com/careers-home/jobs,custom,amd,5,true
Micron,https://micron.wd1.myworkdayjobs.com/External,workday,micron|External,5,true
Kyndryl,https://kyndryl.wd5.myworkdayjobs.com/KyndrylProfessionalCareers,workday,kyndryl|KyndrylProfessionalCareers,4,true
Autodesk,https://autodesk.wd1.myworkdayjobs.com/Ext,workday,autodesk|Ext,5,true
Synopsys,https://careers.synopsys.com/location/india-jobs/44408/1269750/2,talentbrew,44408,5,true
Cadence,https://cadence.wd1.myworkdayjobs.com/External_Careers,workday,cadence|External_Careers,5,true
Wells Fargo,https://wf.wd1.myworkdayjobs.com/WellsFargoJobs,workday,wf|WellsFargoJobs,4,true
S&P Global,https://spgi.wd5.myworkdayjobs.com/SPGI_Careers,workday,spgi|SPGI_Careers,4,true
Equifax,https://equifax.wd5.myworkdayjobs.com/External,workday,equifax|External,4,true
Sandisk,https://jobs.smartrecruiters.com/Sandisk,smartrecruiters,Sandisk,4,true
Bosch,https://jobs.smartrecruiters.com/BoschGroup,smartrecruiters,BoschGroup,5,true
ServiceNow,https://jobs.smartrecruiters.com/ServiceNow,smartrecruiters,ServiceNow,5,true
LinkedIn,https://jobs.smartrecruiters.com/LinkedIn3,smartrecruiters,LinkedIn3,5,true
Experian,https://jobs.smartrecruiters.com/Experian,smartrecruiters,Experian,4,true
Eurofins,https://jobs.smartrecruiters.com/Eurofins,smartrecruiters,Eurofins,3,true
Continental,https://jobs.smartrecruiters.com/Continental,smartrecruiters,Continental,4,true
Renesas Electronics,https://jobs.smartrecruiters.com/RenesasElectronics,smartrecruiters,RenesasElectronics,4,true
Ramboll,https://jobs.smartrecruiters.com/Ramboll3,smartrecruiters,Ramboll3,3,true
NielsenIQ,https://jobs.smartrecruiters.com/NielsenIQ,smartrecruiters,NielsenIQ,4,true
Ubisoft,https://jobs.smartrecruiters.com/Ubisoft2,smartrecruiters,Ubisoft2,4,true
Publicis Groupe,https://jobs.smartrecruiters.com/PublicisGroupe,smartrecruiters,PublicisGroupe,3,true
Palo Alto Networks,https://jobs.smartrecruiters.com/PaloAltoNetworks2,smartrecruiters,PaloAltoNetworks2,5,true
WNS,https://jobs.smartrecruiters.com/WNSGlobalServices,smartrecruiters,WNSGlobalServices,3,true
Sutherland,https://jobs.smartrecruiters.com/Sutherland,smartrecruiters,Sutherland,3,true
Nagarro,https://jobs.smartrecruiters.com/Nagarro,smartrecruiters,Nagarro,4,true
Devoteam,https://jobs.smartrecruiters.com/Devoteam,smartrecruiters,Devoteam,3,true
Avery Dennison,https://jobs.smartrecruiters.com/AveryDennison,smartrecruiters,AveryDennison,3,true
Hitachi Solutions,https://jobs.smartrecruiters.com/HitachiSolutions,smartrecruiters,HitachiSolutions,4,true
Turner & Townsend,https://jobs.smartrecruiters.com/TurnerTownsend,smartrecruiters,TurnerTownsend,3,true
Datadog,https://careers.datadoghq.com/,greenhouse,datadog,5,true
Cloudflare,https://www.cloudflare.com/careers/jobs/,greenhouse,cloudflare,5,true
Stripe,https://stripe.com/jobs,greenhouse,stripe,5,true
Twilio,https://www.twilio.com/company/jobs,greenhouse,twilio,4,true
Grafana Labs,https://grafana.com/about/careers/open-positions/,greenhouse,grafanalabs,4,true
Workday,https://workday.wd5.myworkdayjobs.com/Workday,workday,workday|Workday,4,true
General Motors,https://generalmotors.wd5.myworkdayjobs.com/Careers_GM,workday,generalmotors|Careers_GM,4,true
Elastic,https://www.elastic.co/about/careers,greenhouse,elastic,4,true
Okta,https://www.okta.com/company/careers/,greenhouse,okta,5,true
MongoDB,https://www.mongodb.com/company/careers,greenhouse,mongodb,5,true
Rubrik,https://www.rubrik.com/company/careers,greenhouse,rubrik,5,true
New Relic,https://newrelic.com/about/careers,greenhouse,newrelic,4,true
Sumo Logic,https://www.sumologic.com/company/careers/,greenhouse,sumologic,4,true
Samsara,https://www.samsara.com/company/careers,greenhouse,samsara,4,true
Snowflake,https://jobs.ashbyhq.com/snowflake,ashby,snowflake,5,true
Databricks,https://www.databricks.com/company/careers,greenhouse,databricks,5,true
Coinbase,https://www.coinbase.com/careers/positions,greenhouse,coinbase,3,true
Docker,https://jobs.ashbyhq.com/docker,ashby,docker,4,true
GitLab,https://about.gitlab.com/jobs/,greenhouse,gitlab,4,true
Vercel,https://vercel.com/careers,greenhouse,vercel,3,true
Amazon,https://www.amazon.jobs/en/search,amazon,amazon-india,5,true
Google,https://www.google.com/about/careers/applications/jobs/results/,custom,google,5,true
Microsoft,https://apply.careers.microsoft.com/careers,eightfold,apply.careers.microsoft.com|microsoft.com,5,true
Oracle,https://careers.oracle.com/jobs/,custom,oracle,5,true
SAP,https://careers.sap.com/,xml,https://careers.sap.com/googlefeed.xml,5,true
Cisco,https://cisco.wd5.myworkdayjobs.com/Cisco_Careers,workday,cisco|Cisco_Careers,5,true
IBM,https://www.ibm.com/careers/search,custom,ibm,5,true
Accenture,https://accenture.wd103.myworkdayjobs.com/AccentureCareers,workday,accenture|AccentureCareers,5,true
Deloitte,https://southasiacareers.deloitte.com/,custom,deloitte,4,true
EY,https://careers.ey.com/,xml,https://careers.ey.com/googlefeed.xml,4,true
PwC,https://pwc.wd3.myworkdayjobs.com/Global_Experienced_Careers,workday,pwc|Global_Experienced_Careers,4,true
JPMorgan Chase,https://jpmc.fa.oraclecloud.com/hcmUI/CandidateExperience/en/sites/CX_1001,oracle,jpmc.fa.oraclecloud.com|CX_1001,4,true
Goldman Sachs,https://higher.gs.com/,custom,goldmansachs,4,true
Target,https://target.wd5.myworkdayjobs.com/targetcareers,workday,target|targetcareers,4,true
Walmart Global Tech,https://careers.walmart.com/technology,custom,walmart,5,true
Flipkart,https://www.flipkartcareers.com/#!/joblist,custom,flipkart,5,true
PhonePe,https://careers.smartrecruiters.com/PHONEPELIMITED,smartrecruiters,PHONEPELIMITED,5,true
Swiggy,https://swiggy.mynexthire.com/employer/jobs/careers,mynexthire,swiggy,5,true
Zomato,https://www.zomato.com/careers,custom,zomato,4,true
Freshworks,https://careers.smartrecruiters.com/freshworks,smartrecruiters,freshworks,5,true
Neuron7,https://jobs.lever.co/neuron7,lever,neuron7,5,true
AiPrise,https://jobs.ashbyhq.com/aiprise,ashby,aiprise,5,true
Cermati,https://jobs.smartrecruiters.com/Cermaticom,smartrecruiters,Cermaticom,4,true
Speechify,https://job-boards.greenhouse.io/speechify,greenhouse,speechify,4,true
Dozee,https://jobs.lever.co/dozee,lever,dozee,5,true
Supa,https://jobs.ashbyhq.com/supa,ashby,supa,4,true
Baya Systems,https://job-boards.greenhouse.io/bayasystems,greenhouse,bayasystems,4,true
AiDASH,https://job-boards.greenhouse.io/aidashinc,greenhouse,aidashinc,5,true
Nirmata,https://job-boards.greenhouse.io/nirmata,greenhouse,nirmata,4,true
C3 AI,https://job-boards.greenhouse.io/c3iot,greenhouse,c3iot,5,true
Instawork,https://job-boards.greenhouse.io/instawork,greenhouse,instawork,4,true
Turing,https://job-boards.greenhouse.io/turing,greenhouse,turing,4,true
Sprinto,https://jobs.lever.co/Sprinto,lever,Sprinto,5,true
Cerebras Systems,https://jobs.ashbyhq.com/cerebras,ashby,cerebras,5,true
Meraki Labs,https://jobs.ashbyhq.com/Meraki-Labs,ashby,Meraki-Labs,4,true
Nanonets,https://jobs.ashbyhq.com/nanonets,ashby,nanonets,5,true
Avoca,https://jobs.ashbyhq.com/avoca,ashby,avoca,3,true
Bespoke Labs,https://jobs.ashbyhq.com/bespokelabs,ashby,bespokelabs,4,true
Enveda,https://jobs.lever.co/enveda,lever,enveda,5,true
Gradera,https://jobs.ashbyhq.com/gradera,ashby,gradera,4,true
Notion,https://jobs.ashbyhq.com/notion,ashby,notion,5,true
Plane,https://jobs.ashbyhq.com/plane,ashby,plane,4,true
Fourier,https://jobs.ashbyhq.com/fourier,ashby,fourier,4,true
Cohort AI,https://jobs.ashbyhq.com/cohort,ashby,cohort,4,true
FiniteHR Consulting,https://jobs.smartrecruiters.com/FiniteHRConsulting,smartrecruiters,FiniteHRConsulting,3,true
Adobe,https://adobe.wd5.myworkdayjobs.com/external_experienced,workday,adobe|external_experienced,5,true
PayPal,https://paypal.wd1.myworkdayjobs.com/jobs,workday,paypal|jobs,5,true
Broadcom,https://broadcom.wd1.myworkdayjobs.com/External_Career,workday,broadcom|External_Career,5,true
UiPath,https://jobs.ashbyhq.com/uipath,ashby,uipath,5,true
Nationwide India,https://nationwide.wd1.myworkdayjobs.com/Nationwide_Career_India,workday,nationwide|Nationwide_Career_India,4,true
Amadeus,https://amadeus.wd502.myworkdayjobs.com/jobs,workday,amadeus|jobs,5,true
Extreme Networks,https://jobs.lever.co/extremenetworks,lever,extremenetworks,5,true
Juniper Square,https://jobs.ashbyhq.com/junipersquare,ashby,junipersquare,4,true
NCR Atleos,https://ncratleos.wd1.myworkdayjobs.com/ext_apacatleos,workday,ncratleos|ext_apacatleos,4,true
Hinge Health,https://jobs.ashbyhq.com/hinge-health,ashby,hinge-health,4,true
Shell,https://shell.wd3.myworkdayjobs.com/ShellCareers,workday,shell|ShellCareers,4,true
Smarsh,https://jobs.lever.co/smarsh,lever,smarsh,5,true
Alif Semiconductor,https://jobs.lever.co/alifsemi,lever,alifsemi,4,true
CME Group,https://cmegroup.wd1.myworkdayjobs.com/cme_careers,workday,cmegroup|cme_careers,4,true
Warner Bros. Discovery,https://warnerbros.wd5.myworkdayjobs.com/global,workday,warnerbros|global,4,true
RapidAI,https://jobs.lever.co/rapidai,lever,rapidai,4,true
Aeva,https://jobs.lever.co/aeva,lever,aeva,4,true
d-Matrix,https://jobs.ashbyhq.com/d-Matrix,ashby,d-Matrix,4,true
Atlassian,https://www.atlassian.com/company/careers/all-jobs,custom,atlassian,5,true
Uber,https://iaziqy.fa.ocs.oraclecloud.com/hcmUI/CandidateExperience/en/sites/UberCareers,oracle,iaziqy.fa.ocs.oraclecloud.com|UberCareers,5,true
Airbnb,https://job-boards.greenhouse.io/airbnb,greenhouse,airbnb,4,true
Meesho,https://jobs.lever.co/meesho,lever,meesho,5,true
BrowserStack,https://www.browserstack.com/careers,custom,browserstack,5,true
Tekion,https://jobs.ashbyhq.com/Tekion,ashby,Tekion,5,true
ShareChat,https://sharechat.com/careers,custom,sharechat,4,true
InMobi,https://job-boards.greenhouse.io/inmobi,greenhouse,inmobi,4,true
Ola Electric,https://www.olaelectric.com/careers,custom,olaelectric,4,true
CRED,https://jobs.lever.co/cred,lever,cred,5,true
Slice,https://www.sliceit.com/careers,custom,slice,5,true
Navi,https://navi.com/careers,custom,navi,5,true
Groww,https://job-boards.greenhouse.io/groww,greenhouse,groww,5,true
Zerodha,https://careers.zerodha.com/,custom,zerodha,5,true
Juspay,https://juspay.io/careers,custom,juspay,5,true
Cashfree Payments,https://www.cashfree.com/careers/,custom,cashfree,5,true
Pine Labs,https://www.pinelabs.com/careers,custom,pinelabs,4,true
PayU,https://corporate.payu.com/careers/,custom,payu,4,true
Paytm,https://jobs.lever.co/paytm,lever,paytm,4,true
Open Financial Technologies,https://open.money/careers,custom,openmoney,5,true
KreditBee,https://www.kreditbee.in/careers,custom,kreditbee,4,true
Rupeek,https://rupeek.com/careers,custom,rupeek,4,true
Moneyview,https://moneyview.in/careers,custom,moneyview,4,true
Jupiter,https://jupiter.money/careers/,custom,jupiter-money,5,true
Fi Money,https://jobs.lever.co/epifi,lever,epifi,5,true
Scaler,https://www.scaler.com/careers/,custom,scaler,4,true
Unacademy,https://unacademy.com/careers,custom,unacademy,4,true
Simplilearn,https://www.simplilearn.com/careers,custom,simplilearn,3,true
upGrad,https://www.upgrad.com/about/careers/,custom,upgrad,3,true
Vedantu,https://www.vedantu.com/careers,custom,vedantu,3,true
Games24x7,https://www.games24x7.com/careers/,custom,games24x7,4,true
Dream Sports,https://www.dreamsports.group/careers/,custom,dreamsports,4,true
Mobile Premier League,https://www.mpl.live/careers,custom,mpl,4,true
Electronic Arts India,https://www.ea.com/careers,custom,electronicarts,4,true
Nutanix,https://jobs.jobvite.com/nutanix,jobvite,nutanix|qKr9VfwZ,5,true
Arista Networks,https://careers.smartrecruiters.com/AristaNetworks,smartrecruiters,AristaNetworks,5,true
Juniper Networks,https://careers.juniper.net/,custom,juniper,5,true
F5,https://ffive.wd5.myworkdayjobs.com/f5jobs,workday,ffive|f5jobs,5,true
Fortinet,https://edel.fa.us2.oraclecloud.com/hcmUI/CandidateExperience/en/sites/CX_2001,oracle,edel.fa.us2.oraclecloud.com|CX_2001,4,true
Zscaler,https://job-boards.greenhouse.io/zscaler,greenhouse,zscaler,5,true
CrowdStrike,https://crowdstrike.wd5.myworkdayjobs.com/crowdstrikecareers,workday,crowdstrike|crowdstrikecareers,5,true
SentinelOne,https://job-boards.greenhouse.io/sentinellabs,greenhouse,sentinellabs,5,true
Citrix,https://www.cloud.com/careers,custom,citrix,4,true
Red Hat,https://www.redhat.com/en/jobs,custom,redhat,5,true
SUSE,https://suse.wd3.myworkdayjobs.com/Jobsatsuse,workday,suse|Jobsatsuse,4,true
Canonical,https://job-boards.greenhouse.io/canonical,greenhouse,canonical,5,true
Cloudera,https://cloudera.wd5.myworkdayjobs.com/External_Career,workday,cloudera|External_Career,5,true
Confluent,https://jobs.ashbyhq.com/confluent,ashby,confluent,5,true
HashiCorp,https://www.hashicorp.com/en/careers/open-positions,custom,hashicorp,5,true
GitHub,https://www.github.careers/careers-home/jobs,custom,github-careers,5,true
DigitalOcean,https://job-boards.greenhouse.io/digitalocean98,greenhouse,digitalocean98,4,true
Rackspace Technology,https://rackspace.wd1.myworkdayjobs.com/External,workday,rackspace|External,4,true
Thoughtworks,https://boards.greenhouse.io/thoughtworks,greenhouse,thoughtworks,5,true
EPAM,https://www.epam.com/careers/job-listings,custom,epam,4,true
Globant,https://career.globant.com/,custom,globant,4,true
Persistent Systems,https://careers.persistent.com/,custom,persistent,5,true
LTIMindtree,https://careers.ltimindtree.com/,custom,ltimindtree,4,true
Mphasis,https://careers.mphasis.com/,custom,mphasis,4,true
Coforge,https://careers.coforge.com/,custom,coforge,4,true
Sonata Software,https://www.sonata-software.com/careers,custom,sonata,4,true
Happiest Minds,https://www.happiestminds.com/careers/,custom,happiestminds,4,true
UST,https://www.ust.com/en/careers,custom,ust,4,true
CGI,https://www.cgi.com/en/careers-search,custom,cgi,4,true
Capgemini,https://www.capgemini.com/in-en/careers/join-capgemini/job-search/,custom,capgemini,5,true
Infosys,https://career.infosys.com/joblist,custom,infosys,5,true
TCS,https://www.tcs.com/careers/india,custom,tcs,5,true
Wipro,https://careers.wipro.com/,xml,https://careers.wipro.com/googlefeed.xml,5,true
Tech Mahindra,https://careers.techmahindra.com/,custom,techmahindra,4,true
Cognizant,https://careers.cognizant.com/global-en/jobs/,custom,cognizant,5,true
HCLTech,https://www.hcltech.com/careers,xml,https://careers.hcltech.com/googlefeed.xml,5,true
NTT DATA,https://careers.nttdata.com/global/en,phenom,NTT1GLOBAL,4,true
DXC Technology,https://dxctechnology.wd1.myworkdayjobs.com/DXCJobs,workday,dxctechnology|DXCJobs,4,true
ADP,https://jobs.adp.com/,custom,adp,4,true
UKG,https://apply.ukg.com/careers,eightfold,apply.ukg.com|ukg.com,4,true
Darwinbox,https://darwinbox.com/careers,custom,darwinbox,5,true
HighRadius,https://job-boards.greenhouse.io/highradius,greenhouse,highradius,5,true
Zenoti,https://job-boards.greenhouse.io/zenoti,greenhouse,zenoti,5,true
Gainsight,https://jobs.ashbyhq.com/gainsight,ashby,gainsight,5,true
Pegasystems,https://www.pega.com/about/careers,custom,pegasystems,4,true
OpenText,https://careers.opentext.com/us/en/,phenom,OPJOPEUS,4,true
Informatica,https://informatica.gr8people.com/jobs,custom,informatica,5,true
Manhattan Associates,https://careers.manh.com/,custom,manhattan-associates,4,true
Blue Yonder,https://careers.blueyonder.com/us/en/,phenom,BYPBYXUS,4,true
Sabre,https://sabre.wd1.myworkdayjobs.com/SabreJobs,workday,sabre|SabreJobs,4,true
Expedia Group,https://expedia.wd108.myworkdayjobs.com/search,workday,expedia|search,4,true
Booking.com,https://jobs.booking.com/careers,custom,booking,4,true
Agoda,https://boards.greenhouse.io/agoda,greenhouse,agoda,4,true
Traveloka,https://careers.traveloka.com/,custom,traveloka,3,true
MakeMyTrip,https://careers.makemytrip.com/,custom,makemytrip,4,true
Cleartrip,https://www.cleartrip.com/careers,custom,cleartrip,4,true
Carelon Global Solutions,https://elevancehealth.wd1.myworkdayjobs.com/carelonglobal_in,workday,elevancehealth|carelonglobal_in,4,true
Optum,https://careers.unitedhealthgroup.com/location/india-jobs/34088/1269750/2,talentbrew,34088,5,true
Providence India,https://www.providence.in/careers,custom,providence-india,4,true
Synchrony,https://www.synchronycareers.com/location/india-jobs/49398/1269750/2,talentbrew,49398,4,true
American Express,https://egug.fa.us2.oraclecloud.com/hcmUI/CandidateExperience/en/sites/CX_1,oracle,egug.fa.us2.oraclecloud.com|CX_1,5,true
Mastercard,https://mastercard.wd1.myworkdayjobs.com/CorporateCareers,workday,mastercard|CorporateCareers,5,true
Morgan Stanley,https://morganstanley.eightfold.ai/careers,eightfold,morganstanley.eightfold.ai|morganstanley.com,5,true
State Street,https://statestreet.wd1.myworkdayjobs.com/Global,workday,statestreet|Global,4,true
Northern Trust,https://ntrs.wd1.myworkdayjobs.com/northerntrust,workday,ntrs|northerntrust,4,true
HSBC,https://www.hsbc.com/careers,custom,hsbc,5,true
Harness,https://job-boards.greenhouse.io/harnessinc,greenhouse,harnessinc,5,true
DigiCert,https://job-boards.greenhouse.io/digicert,greenhouse,digicert,4,true
6sense,https://job-boards.greenhouse.io/6sense,greenhouse,6sense,5,true
Storable India,https://job-boards.greenhouse.io/storableindia,greenhouse,storableindia,4,true
Doxel,https://jobs.lever.co/doxel,lever,doxel,4,true
MoonPay,https://jobs.lever.co/moonpay,lever,moonpay,3,true
BlackLine,https://blackline.wd108.myworkdayjobs.com/BlackLineCareers,workday,blackline|BlackLineCareers,4,true
Global Payments,https://tsys.wd1.myworkdayjobs.com/TSYS,workday,tsys|TSYS,4,true
Sitetracker,https://jobs.lever.co/sitetracker,lever,sitetracker,5,true
Coupa,https://jobs.lever.co/coupa,lever,coupa,5,true
Blue Spire,https://jobs.smartrecruiters.com/BlueSpireInc1,smartrecruiters,BlueSpireInc1,4,true
Mattel,https://jobs.smartrecruiters.com/MattelInc,smartrecruiters,MattelInc,3,true
Wise,https://jobs.smartrecruiters.com/Wise,smartrecruiters,Wise,4,true
Entain,https://jobs.smartrecruiters.com/Entain,smartrecruiters,Entain,4,true
Lingaro,https://jobs.lever.co/lingarogroup,lever,lingarogroup,4,true
Parallel Wireless,https://jobs.lever.co/parallelwireless,lever,parallelwireless,3,true
Zaimler,https://jobs.lever.co/zaimler,lever,zaimler,4,true
Flagright,https://jobs.ashbyhq.com/flagright.com,ashby,flagright.com,4,true
Broccoli AI,https://jobs.ashbyhq.com/broccoli,ashby,broccoli,4,true
Applied Intuition,https://jobs.ashbyhq.com/applied,ashby,applied,5,true
Kong,https://jobs.ashbyhq.com/kong,ashby,kong,5,true
Cartesia,https://jobs.ashbyhq.com/cartesia,ashby,cartesia,4,true
GHX,https://job-boards.greenhouse.io/globalhealthcareexchangeinc,greenhouse,globalhealthcareexchangeinc,4,true
Redwood Software,https://job-boards.greenhouse.io/redwoodsoftware,greenhouse,redwoodsoftware,4,true
Truveta,https://job-boards.greenhouse.io/truveta,greenhouse,truveta,4,true
Weekday,https://jobs.lever.co/weekdayworks,lever,weekdayworks,4,true
Saviynt,https://jobs.lever.co/saviynt,lever,saviynt,4,true
BETSOL,https://jobs.smartrecruiters.com/BETSOL,smartrecruiters,BETSOL,4,true
T-Systems India,https://jobs.smartrecruiters.com/T-SystemsICTIndiaPvtLtd1,smartrecruiters,T-SystemsICTIndiaPvtLtd1,4,true
Apple,https://jobs.apple.com/en-in/search,custom,apple-india,5,true
Meta,https://www.metacareers.com/jobs/,custom,meta-india,5,true
Ericsson,https://jobs.ericsson.com/careers,eightfold,jobs.ericsson.com|ericsson.com,4,true
Nokia,https://fa-evmr-saasfaprod1.fa.ocs.oraclecloud.com/hcmUI/CandidateExperience/en/sites/CX_1,oracle,fa-evmr-saasfaprod1.fa.ocs.oraclecloud.com|CX_1,4,true
Siemens,https://jobs.siemens.com/careers,custom,siemens-india,4,true
Siemens Healthineers,https://careers.siemens-healthineers.com/global/en/,phenom,SHDSHWUS,4,true
Honeywell,https://ibqbjb.fa.ocs.oraclecloud.com/hcmUI/CandidateExperience/en/sites/Honeywell,oracle,ibqbjb.fa.ocs.oraclecloud.com|Honeywell,4,true
ABB,https://careers.abb/global/en/,phenom,ABB1GLOBAL,4,true
Schneider Electric,https://www.se.com/ww/en/about-us/careers/,custom,schneider-electric-india,4,true
Emerson,https://www.emerson.com/en-us/careers,custom,emerson-india,4,true
Rockwell Automation,https://rockwellautomation.wd1.myworkdayjobs.com/External_Rockwell_Automation,workday,rockwellautomation|External_Rockwell_Automation,4,true
Johnson Controls,https://jci.wd5.myworkdayjobs.com/JCI,workday,jci|JCI,4,true
GE Aerospace,https://careers.geaerospace.com/global/en/,phenom,GAOGAYGLOBAL,4,true
GE HealthCare,https://gehc.wd5.myworkdayjobs.com/GEHC_ExternalSite,workday,gehc|GEHC_ExternalSite,4,true
Boeing,https://jobs.boeing.com/location/india-jobs/185/1269750/2,talentbrew,185,4,true
RTX,https://careers.rtx.com/global/en/,phenom,RAYTGLOBAL,4,true
Collins Aerospace,https://careers.rtx.com/global/en/collins-aerospace,custom,collins-aerospace-india,4,true
Lam Research,https://lamresearch.eightfold.ai/careers,eightfold,lamresearch.eightfold.ai|lamresearch.com,4,true
Applied Materials,https://careers.appliedmaterials.com/careers,eightfold,careers.appliedmaterials.com|appliedmaterials.com,4,true
ASML,https://www.asml.com/en/careers,custom,asml-india,4,true
KLA,https://kla.wd1.myworkdayjobs.com/Search,workday,kla|Search,4,true
Texas Instruments,https://edbz.fa.us2.oraclecloud.com/hcmUI/CandidateExperience/en/sites/CX,oracle,edbz.fa.us2.oraclecloud.com|CX,5,true
Analog Devices,https://analogdevices.wd1.myworkdayjobs.com/External,workday,analogdevices|External,4,true
Marvell,https://marvell.wd1.myworkdayjobs.com/MarvellCareers,workday,marvell|MarvellCareers,4,true
MediaTek,https://corp.mediatek.com/careers,custom,mediatek-india,4,true
Arm,https://careers.arm.com/location/india-jobs/33099/1269750/2,talentbrew,33099,5,true
NXP Semiconductors,https://nxp.wd3.myworkdayjobs.com/careers,workday,nxp|careers,4,true
Infineon Technologies,https://www.infineon.com/cms/en/careers/,custom,infineon-india,4,true
Seagate Technology,https://seagatecareers.com/,xml,https://seagatecareers.com/googlefeed.xml,4,true
Keysight Technologies,https://jobs.keysight.com/,custom,keysight-india,4,true
NetApp,https://careers.netapp.com/,custom,netapp-india,5,true
Commvault,https://job-boards.greenhouse.io/commvault,greenhouse,commvault,4,true
Cohesity,https://cohesity.wd5.myworkdayjobs.com/Cohesity_Careers,workday,cohesity|Cohesity_Careers,5,true
Veeam,https://careers.veeam.com/,greenhouse,veeamsoftware,4,true
Amdocs,https://jobs.amdocs.com/careers,eightfold,jobs.amdocs.com|amdocs.com,4,true
Intuit,https://www.intuit.com/careers/,custom,intuit-india,5,true
Citigroup,https://citi.eightfold.ai/careers,eightfold,citi.eightfold.ai|citi.com,4,true
Bank of America,https://careers.bankofamerica.com/en-us,custom,bank-of-america-india,4,true
Deutsche Bank,https://careers.db.com/,custom,deutsche-bank-india,4,true
UBS,https://www.ubs.com/global/en/careers.html,custom,ubs-india,4,true
Barclays,https://search.jobs.barclays/location/india-jobs/13015/1269750/2,talentbrew,13015,4,true
Standard Chartered,https://jobs.standardchartered.com/,xml,https://jobs.standardchartered.com/googlefeed.xml,4,true
Societe Generale,https://careers.societegenerale.com/en,custom,societe-generale-india,4,true
Fidelity Investments,https://jobs.fidelity.com/en/,custom,fidelity-investments-india,4,true
Charles Schwab,https://www.schwabjobs.com/location/india-jobs/27326/1269750/2,talentbrew,27326,4,true
BlackRock,https://blackrock.wd1.myworkdayjobs.com/BlackRock_Professional,workday,blackrock|BlackRock_Professional,4,true
Moody's,https://careers.moodys.com/en/location/india-jobs/49841/1269750/2,talentbrew,49841,4,true
Morningstar,https://careers.morningstar.com/,custom,morningstar-india,4,true
Nasdaq,https://nasdaq.wd1.myworkdayjobs.com/Global_External_Site,workday,nasdaq|Global_External_Site,4,true
Deutsche Boerse Group,https://careers.deutsche-boerse.com/,custom,deutsche-boerse-india,4,true
Intercontinental Exchange,https://careers.ice.com/,custom,ice-india,4,true
MSCI,https://careers.msci.com/,custom,msci-india,4,true
KPMG,https://ejgk.fa.em2.oraclecloud.com/hcmUI/CandidateExperience/en/sites/CX_3,oracle,ejgk.fa.em2.oraclecloud.com|CX_3,4,true
Grant Thornton,https://www.grantthornton.in/careers/,custom,grant-thornton-india,3,true
McKinsey & Company,https://www.mckinsey.com/careers/search-jobs,custom,mckinsey-india,4,true
Boston Consulting Group,https://careers.bcg.com/global/en/,phenom,BCG1US,4,true
Bain & Company,https://www.bain.com/careers/,custom,bain-india,4,true
Fractal Analytics,https://fractal.ai/careers/,custom,fractal-analytics-india,4,true
Tiger Analytics,https://apply.workable.com/tiger-analytics/,workable,tiger-analytics,4,true
Mu Sigma,https://www.mu-sigma.com/careers,custom,mu-sigma-india,3,true
Tredence,https://www.tredence.com/careers,custom,tredence-india,4,true
Quantiphi,https://quantiphi.wd1.myworkdayjobs.com/Careers_at_Quantiphi,workday,quantiphi|Careers_at_Quantiphi,4,true
LatentView Analytics,https://www.latentview.com/careers/,custom,latentview-india,4,true
Novartis,https://novartis.wd3.myworkdayjobs.com/Novartis_Careers,workday,novartis|Novartis_Careers,4,true
Roche,https://roche.wd3.myworkdayjobs.com/roche-ext,workday,roche|roche-ext,4,true
AstraZeneca,https://astrazeneca.eightfold.ai/careers,eightfold,astrazeneca.eightfold.ai|astrazeneca.com,4,true
GSK,https://jobs.gsk.com/gb/en/,phenom,GHVGPAGB,4,true
Sanofi,https://jobs.sanofi.com/en,custom,sanofi-india,4,true
Bayer,https://career.bayer.com/,custom,bayer-india,4,true
Merck Group,https://careers.emdgroup.com/us/en/,phenom,MQAEGZUS,4,true
Eli Lilly,https://careers.lilly.com/us/en/,phenom,LILLUS,4,true
Pfizer,https://pfizer.wd1.myworkdayjobs.com/PfizerCareers,workday,pfizer|PfizerCareers,4,true
Bristol Myers Squibb,https://bristolmyerssquibb.wd5.myworkdayjobs.com/BMS,workday,bristolmyerssquibb|BMS,4,true
Thermo Fisher Scientific,https://jobs.thermofisher.com/global/en/,phenom,TFSCGLOBAL,4,true
IQVIA,https://jobs.iqvia.com/en,custom,iqvia-india,4,true
Parexel,https://jobs.parexel.com/en/location/india-jobs/877/1269750/2,talentbrew,877,4,true
Syneos Health,https://www.syneoshealth.com/careers,custom,syneos-health-india,4,true
Lowe's India,https://talent.lowes.com/in/en,custom,lowes-india,4,true
Tesco Bengaluru,https://www.tescobengaluru.com/careers/,custom,tesco-bengaluru,4,true
IKEA,https://jobs.ikea.com/en/location/india-jobs/22908/1269750/2,talentbrew,22908,3,true
Best Buy,https://jobs.bestbuy.com/bby?id=career_area,custom,best-buy-india,4,true
Wayfair,https://www.wayfair.com/careers,custom,wayfair-india,4,true
Gap Inc.,https://www.gapinc.com/en-us/careers,custom,gap-india,3,true
Nike,https://nike.wd1.myworkdayjobs.com/nke,workday,nike|nke,3,true
Adidas,https://careers.adidas-group.com/,custom,adidas-india,3,true
Zoho,https://www.zoho.com/careers/,custom,zoho-india,4,true
Samsung R&D Institute India,https://research.samsung.com/sri-b/careers,custom,samsung-r-and-d-india,5,true
Whatfix,https://whatfix101.hire.trakstar.com/,custom,whatfix-india,5,true
Chargebee,https://www.chargebee.com/careers/,custom,chargebee-india,5,true
Hasura,https://hasura.io/careers,custom,hasura-india,5,true
Innovaccer,https://apply.workable.com/innovaccer-analytics/,workable,innovaccer-analytics,5,true
LeadSquared,https://www.leadsquared.com/careers/,custom,leadsquared-india,4,true
MoEngage,https://www.moengage.com/careers/,custom,moengage-india,4,true
CleverTap,https://clevertap.com/careers/,custom,clevertap-india,4,true
WebEngage,https://webengage.com/careers/,custom,webengage-india,4,true
Yellow.ai,https://yellow.ai/careers/,custom,yellow-ai-india,4,true
Observe.AI,https://job-boards.greenhouse.io/observeai,greenhouse,observeai,5,true
Keka,https://www.keka.com/careers,custom,keka-india,4,true
Skyroot Aerospace,https://skyroot.in/careers.html,custom,skyroot-aerospace-india,4,true
Dhruva Space,https://www.dhruvaspace.com/careers,custom,dhruva-space-india,4,true
Ather Energy,https://www.atherenergy.com/careers,custom,ather-energy-india,4,true
Porter,https://porter.in/careers,custom,porter-india,4,true
Lenovo,https://jobs.lenovo.com/,custom,lenovo-india,4,true
ASUS,https://www.asus.com/about-asus/careers/,custom,asus-india,3,true
Acer,https://www.acer.com/corporate/en/careers,custom,acer-india,3,true
Fujitsu,https://www.fujitsu.com/global/about/careers/,custom,fujitsu-india,4,true
NEC,https://www.nec.com/en/global/careers/,custom,nec-india,4,true
Panasonic,https://careers.na.panasonic.com/,custom,panasonic-india,3,true
Sony,https://www.sonyjobs.com/,custom,sony-india,4,true
Philips,https://www.careers.philips.com/global/en/,phenom,PHILUS,4,true
Mahindra Group,https://jobs.mahindracareers.com/,xml,https://jobs.mahindracareers.com/googlefeed.xml,3,true
Tata Elxsi,https://www.tataelxsi.com/careers,custom,tata-elxsi-india,4,true
Tata Technologies,https://www.tatatechnologies.com/in/careers/,custom,tata-technologies-india,4,true
L&T Technology Services,https://www.ltts.com/careers,custom,ltts-india,4,true
Larsen & Toubro,https://www.larsentoubro.com/corporate/careers/,custom,larsen-toubro-india,3,true
Mercedes-Benz Research and Development India,https://www.mbrdi.co.in/careers,custom,mbrdi-india,5,true
Volvo Group,https://jobs.volvogroup.com/,xml,https://jobs.volvogroup.com/googlefeed.xml,4,true
Volvo Cars,https://jobs.volvocars.com/,xml,https://jobs.volvocars.com/googlefeed.xml,4,true
ZF Group,https://jobs.zf.com/,xml,https://jobs.zf.com/googlefeed.xml,4,true
Valeo,https://www.valeo.com/en/career/,custom,valeo-india,3,true
Caterpillar,https://careers.caterpillar.com/,custom,caterpillar-india,4,true
John Deere,https://jobs.deere.com/,xml,https://jobs.deere.com/googlefeed.xml,4,true
Cummins,https://fa-espx-saasfaprod1.fa.ocs.oraclecloud.com/hcmUI/CandidateExperience/en/sites/CX_1,oracle,fa-espx-saasfaprod1.fa.ocs.oraclecloud.com|CX_1,4,true
Otis,https://careers.otis.com/,custom,otis-india,3,true
Alstom,https://jobsearch.alstom.com/,xml,https://jobsearch.alstom.com/googlefeed.xml,4,true
Hitachi Energy,https://www.hitachienergy.com/careers,custom,hitachi-energy-india,4,true
Hitachi Vantara,https://careers.hitachi.com/,custom,hitachi-vantara-india,4,true
Toshiba,https://www.global.toshiba/ww/recruit.html,custom,toshiba-india,3,true
Mitsubishi Electric,https://www.mitsubishielectric.com/en/careers/,custom,mitsubishi-electric-india,3,true
Carrier,https://jobs.carrier.com/en/location/india-jobs/29289/1269750/2,talentbrew,29289,4,true
Trane Technologies,https://careers.tranetechnologies.com/global/en/,phenom,TRTEGLOBAL,4,true
Eaton,https://eaton.eightfold.ai/careers,eightfold,eaton.eightfold.ai|eaton.com,4,true
Baker Hughes,https://careers.bakerhughes.com/global/en,custom,baker-hughes-india,4,true
SLB,https://careers.slb.com/,custom,slb-india,4,true
Halliburton,https://jobs.halliburton.com/,xml,https://jobs.halliburton.com/googlefeed.xml,3,true
ExxonMobil,https://jobs.exxonmobil.com/,xml,https://jobs.exxonmobil.com/googlefeed.xml,4,true
Chevron,https://careers.chevron.com/location/india-jobs/35016/1269750/2,talentbrew,35016,4,true
BP,https://www.bp.com/en/global/corporate/careers.html,custom,bp-india,4,true
Maersk,https://www.maersk.com/careers,custom,maersk-india,4,true
FedEx,https://careers.fedex.com/,custom,fedex-india,4,true
UPS,https://www.jobs-ups.com/global/en,phenom,UPBUPSGLOBAL,3,true
DHL,https://careers.dhl.com/global/en,phenom,DPDHGLOBAL,3,true
American Airlines,https://jobs.aa.com/,xml,https://jobs.aa.com/googlefeed.xml,4,true
Delta Air Lines,https://delta.avature.net/careers,custom,delta-air-lines-india,4,true
United Airlines,https://careers.united.com/us/en/,phenom,UAIUADUS,4,true
Emirates Group,https://www.emiratesgroupcareers.com/,custom,emirates-group-india,3,true
Deutsche Telekom,https://www.telekom.com/en/careers,custom,deutsche-telekom-india,4,true
BT Group,https://jobs.bt.com/,xml,https://jobs.bt.com/googlefeed.xml,4,true
Vodafone,https://careers.vodafone.com/,custom,vodafone-india,4,true
Verizon,https://verizon.wd12.myworkdayjobs.com/verizon-careers,workday,verizon|verizon-careers|India,4,true
AT&T,https://www.att.jobs/location/india-jobs/117/1269750/2,talentbrew,117,4,true
T-Mobile,https://tmobile.wd1.myworkdayjobs.com/External,workday,tmobile|External,3,true
Orange Business,https://orange.jobs/gb/en/,phenom,OYVOCZGB,4,true
Colt Technology Services,https://www.colt.net/careers/,custom,colt-india,4,true
Arcesium,https://www.arcesium.com/careers.html,custom,arcesium-india,5,true
Millennium,https://www.mlp.com/careers/,custom,millennium-india,4,true
NatWest Group,https://jobs.natwestgroup.com/,custom,natwest-india,4,true
ANZ,https://careers.anz.com/,xml,https://careers.anz.com/googlefeed.xml,4,true
Commonwealth Bank,https://cba.wd3.myworkdayjobs.com/CommBank_Careers,workday,cba|CommBank_Careers,4,true
Westpac,https://ebuu.fa.ap1.oraclecloud.com/hcmUI/CandidateExperience/en/sites/CX,oracle,ebuu.fa.ap1.oraclecloud.com|CX,3,true
Macquarie Group,https://recruitment.macquarie.com/,custom,macquarie-india,4,true
DBS Bank,https://dbs.wd3.myworkdayjobs.com/DBS_Careers,workday,dbs|DBS_Careers,4,true
OCBC,https://www.ocbc.com/group/careers,custom,ocbc-india,3,true
MUFG,https://mufgub.wd3.myworkdayjobs.com/MUFG-Careers,workday,mufgub|MUFG-Careers,4,true
SMBC,https://www.smbcgroup.com/careers/,custom,smbc-india,3,true
Nomura,https://www.nomura.com/careers/,custom,nomura-india,4,true
BNP Paribas,https://group.bnpparibas/en/careers,custom,bnp-paribas-india,4,true
Credit Agricole,https://jobs.ca-cib.com/,custom,credit-agricole-india,3,true
Swiss Re,https://careers.swissre.com/,xml,https://careers.swissre.com/googlefeed.xml,4,true
AXA,https://careers.axa.com/,custom,axa-india,4,true
Allianz,https://careers.allianz.com/global/en/,phenom,AISAIPGB,4,true
Chubb,https://fa-ewgu-saasfaprod1.fa.ocs.oraclecloud.com/hcmUI/CandidateExperience/en/sites/CX_2001,oracle,fa-ewgu-saasfaprod1.fa.ocs.oraclecloud.com|CX_2001,4,true
MetLife,https://www.metlifecareers.com/,custom,metlife-india,4,true
Prudential,https://prudential.wd3.myworkdayjobs.com/prudential,workday,prudential|prudential,4,true
Aon,https://jobs.aon.com/,custom,aon-india,4,true
Marsh McLennan,https://careers.marsh.com/global/en/,phenom,MAMCGLOBAL,4,true
WTW,https://careers.wtwco.com/,custom,wtw-india,4,true
Cigna,https://jobs.thecignagroup.com/us/en,phenom,CIGNUS,4,true
Elevance Health,https://elevancehealth.wd1.myworkdayjobs.com/ANT,workday,elevancehealth|ANT,4,true
CVS Health,https://jobs.cvshealth.com/,custom,cvs-health-india,4,true
Apollo Hospitals,https://www.apollohospitals.com/careers,custom,apollo-hospitals-india,3,true
BigBasket,https://www.bigbasket.com/careers/,custom,bigbasket-india,4,true
Udaan,https://udaan.com/careers,custom,udaan-india,4,true
Licious,https://www.licious.in/careers,custom,licious-india,4,true
Urban Company,https://careers.urbancompany.com/,custom,urban-company-india,4,true
NoBroker,https://www.nobroker.in/careers,custom,nobroker-india,4,true
Practo,https://www.practo.com/company/careers,custom,practo-india,4,true
PharmEasy,https://pharmeasy.in/careers,custom,pharmeasy-india,4,true
Tata 1mg,https://www.1mg.com/jobs,custom,tata-1mg-india,4,true
MediBuddy,https://www.medibuddy.in/careers,custom,medibuddy-india,4,true
Portea,https://www.portea.com/careers/,custom,portea-india,3,true
Ola,https://www.olacabs.com/careers,custom,ola-india,4,true
Rapido,https://rapido.bike/Careers,custom,rapido-india,4,true
Namma Yatri,https://nammayatri.in/careers,custom,namma-yatri-india,4,true
Bounce,https://bounceinfinity.com/pages/careers,custom,bounce-india,3,true
Yulu,https://www.yulu.bike/careers,custom,yulu-india,4,true
Myntra,https://careers.myntra.com/,custom,myntra-india,5,true
Ajio,https://careers.ril.com/,custom,ajio-india,4,true
Reliance Jio,https://careers.jio.com/,custom,reliance-jio-india,4,true
Tata Digital,https://www.tatadigital.com/careers,custom,tata-digital-india,4,true
Angel One,https://www.angelone.in/careers,custom,angel-one-india,4,true
Upstox,https://upstox.com/careers/,custom,upstox-india,5,true
Growfin,https://www.growfin.ai/careers,custom,growfin-india,4,true
Mindtickle,https://jobs.lever.co/mindtickle,lever,mindtickle,4,true
Clear,https://www.clear.in/s/careers,custom,clear,3,true
Mudrex,https://mudrex.careers-page.com/,custom,mudrex,3,true
Lokal,https://apply.workable.com/lokal-app/,workable,lokal-app,3,true
FamPay,https://jobs.lever.co/fampay,lever,fampay,3,true
WareIQ,https://wareiq.com/careers,custom,wareiq,3,true
Decentro,https://decentro.tech/careers,custom,decentro,3,true
Orange Health Labs,https://www.orangehealth.in/jobs,custom,orange-health-labs,3,true
Flux Auto,https://fluxauto.ai/careers.html,custom,flux-auto,3,true
Tilt,https://www.tilt.bike/careers,custom,tilt,3,true
marketfeed,https://www.marketfeed.com/careers,custom,marketfeed,3,true
Ivy Homes,https://ivy.homes/career,custom,ivy-homes,3,true
Apollo,https://www.apollofirst.xyz/careers2,custom,apollo,3,true
SALT,https://www.salt.pe/careers,custom,salt,3,true
Peoplebox.ai,https://www.peoplebox.ai/careers/,custom,peoplebox-ai,3,true
xPay,https://www.xpaycheckout.com/careers,custom,xpay,3,true
Bolna AI,https://jobs.ashbyhq.com/bolna,ashby,bolna,3,true
Antropi Robotics,https://www.antropi.world/careers,custom,antropi-robotics,3,true
Sarla Aviation,https://www.sarla-aviation.com/open-roles/,custom,sarla-aviation,3,true
smallcase,https://app.pyjamahr.com/careers?company=smallcase&company_uuid=2615584222,custom,smallcase,3,true
Glean,https://www.glean.com/careers,greenhouse,gleanwork,5,true
Rippling,https://www.rippling.com/careers/open-roles,custom,rippling-india,5,true
Atlan,https://jobs.ashbyhq.com/atlan,ashby,atlan,5,true
Eightfold AI,https://app.eightfold.ai/careers?domain=volkscience.com,eightfold,app.eightfold.ai|volkscience.com,5,true
Highspot,https://www.highspot.com/careers/,custom,highspot-india,4,true
Netskope,https://www.netskope.com/company/careers/open-positions,greenhouse,netskope,5,true
ThoughtSpot,https://www.thoughtspot.com/careers,custom,thoughtspot-india,5,true
Amagi,https://www.amagi.com/careers,custom,amagi-india,4,true
Uniphore,https://uniphore.wd503.myworkdayjobs.com/Uniphore,workday,uniphore|Uniphore,4,true
Druva,https://www.druva.com/about/careers,greenhouse,druva,5,true
Zeta,https://www.zeta.tech/in/careers,custom,zeta-india,5,true
CoinDCX,https://careers.coindcx.com/,custom,coindcx-india,4,true
Icertis,https://iaaviz.fa.ocs.oraclecloud.com/hcmUI/CandidateExperience/en/sites/Jobs-at-Icertis,oracle,iaaviz.fa.ocs.oraclecloud.com|Jobs-at-Icertis,4,true
Guidewire,https://careers.guidewire.com/,custom,guidewire-india,4,true
DocuSign,https://careers.docusign.com/,custom,docusign-india,4,true
Zoom,https://careers.zoom.us/home,custom,zoom-india,4,true
Box,https://job-boards.greenhouse.io/boxinc,greenhouse,boxinc,4,true
Dropbox,https://job-boards.greenhouse.io/dropbox,greenhouse,dropbox,4,true
Pinterest,https://job-boards.greenhouse.io/pinterest,greenhouse,pinterest,4,true
Qualtrics,https://job-boards.greenhouse.io/qualtrics,greenhouse,qualtrics,4,true
Roku,https://job-boards.greenhouse.io/roku,greenhouse,roku,4,true
Teradata,https://careers.teradata.com/,custom,teradata-india,4,true
SAS,https://www.sas.com/en_in/careers.html,custom,sas-india,4,true
Ansys,https://careers.ansys.com/,custom,ansys-india,4,true
MathWorks,https://in.mathworks.com/company/jobs/opportunities.html,custom,mathworks-india,4,true
Dassault Systemes,https://www.3ds.com/careers,custom,dassault-systemes-india,4,true
Bentley Systems,https://bentleysystems.wd5.myworkdayjobs.com/bentley,workday,bentleysystems|bentley,4,true
Microchip Technology,https://careers.microchip.com/,custom,microchip-india,4,true
Western Digital,https://jobs.westerndigital.com/,smartrecruiters,WesternDigital,4,true
Sophos,https://jobs.lever.co/sophos,lever,sophos,4,true
CyberArk,https://www.cyberark.com/careers/,custom,cyberark-india,4,true
Mimecast,https://careers.mimecast.com/,custom,mimecast-india,4,true
Proofpoint,https://proofpoint.wd5.myworkdayjobs.com/proofpointcareers,workday,proofpoint|proofpointcareers,4,true
Blackhawk Network,https://careers.blackhawknetwork.com/,custom,blackhawk-network-india,4,true
Reltio,https://www.reltio.com/careers/,greenhouse,reltio,4,true
Perfios,https://perfios.ai/careers/,custom,perfios-india,4,true
ACKO,https://www.acko.com/careers/,custom,acko-india,4,true
Khatabook,https://khatabook.com/careers,custom,khatabook-india,4,true
Exotel,https://exotel.com/careers/,custom,exotel-india,4,true
Yubi,https://www.go-yubi.com/careers,custom,yubi-india,4,true
M2P Fintech,https://m2pfintech.com/careers/,custom,m2p-fintech-india,4,true
Jumbotail,https://jumbotail.com/careers/,custom,jumbotail-india,3,true
Capital One,https://www.capitalonecareers.com/search-jobs/India/234/2/1269750/22/79/50/2,talentbrew,234,5,true
BNY,https://eofe.fa.us2.oraclecloud.com/hcmUI/CandidateExperience/en/sites/BNY-Careers,oracle,eofe.fa.us2.oraclecloud.com|BNY-Careers,5,true
FIS,https://careers.fisglobal.com/us/en,phenom,FIGLUS,4,true
Fiserv,https://fiserv.wd5.myworkdayjobs.com/EXT,workday,fiserv|EXT,5,true
Vanguard,https://www.vanguardjobs.com/,custom,vanguard-india,4,true
Discover,https://jobs.discover.com/,custom,discover-india,4,true
PepsiCo,https://www.pepsicojobs.com/,custom,pepsico-india,4,true
Mondelez International,https://careers.mondelezinternational.com/,custom,mondelez-india,4,true
Procter & Gamble,https://www.pgcareers.com/global/en/,phenom,PGBPGNGLOBAL,4,true
Unilever,https://careers.unilever.com/en/location/india-jobs/34155/1269750/2,talentbrew,34155,4,true
McDonald's,https://careers.mcdonalds.com/,custom,mcdonalds-india,4,true
Inspire Brands,https://careers.inspirebrands.com/,custom,inspire-brands-india,4,true
TJX,https://jobs.tjx.com/global/en/,phenom,TJCOGLOBAL,4,true
Kenvue,https://www.kenvue.com/careers,custom,kenvue-india,4,true
Kimberly-Clark,https://careers.kimberly-clark.com/,custom,kimberly-clark-india,4,true
Ecolab,https://jobs.ecolab.com/global/en/,phenom,EIYEIEUS,4,true
3M,https://3m.wd1.myworkdayjobs.com/Search,workday,3m|Search,4,true
Stryker,https://stryker.wd1.myworkdayjobs.com/StrykerCareers,workday,stryker|StrykerCareers,4,true
Baxter,https://jobs.baxter.com/en/location/india-jobs/152/1269750/2,talentbrew,152,4,true
Boston Scientific,https://jobs.bostonscientific.com/,xml,https://jobs.bostonscientific.com/googlefeed.xml,4,true
Abbott,https://www.jobs.abbott/us/en,phenom,ABLAUS,4,true
Amgen,https://careers.amgen.com/en/location/india-jobs/87/1269750/2,talentbrew,87,4,true
Novo Nordisk,https://careers.novonordisk.com/,xml,https://careers.novonordisk.com/googlefeed.xml,4,true
Takeda,https://jobs.takeda.com/location/india-jobs/1113/1269750/2,talentbrew,1113,4,true
Boehringer Ingelheim,https://jobs.boehringer-ingelheim.com/,custom,boehringer-ingelheim-india,4,true
Viatris,https://careers.viatris.com/,custom,viatris-india,4,true
Johnson & Johnson,https://jj.wd5.myworkdayjobs.com/JJ,workday,jj|JJ,4,true
Ralph Lauren,https://careers.ralphlauren.com/,custom,ralph-lauren-india,4,true
Victoria's Secret,https://careers.victoriassecret.com/,custom,victorias-secret-india,4,true
Lululemon,https://careers.lululemon.com/,custom,lululemon-india,4,true
HubSpot,https://job-boards.greenhouse.io/hubspotjobs,greenhouse,hubspotjobs,4,true
Mixpanel,https://job-boards.greenhouse.io/mixpanel,greenhouse,mixpanel,4,true
PostHog,https://posthog.com/careers,custom,posthog-india,3,true
LambdaTest,https://www.lambdatest.com/career,custom,lambdatest-india,4,true
Omnissa,https://careers.omnissa.com/,custom,omnissa-india,4,true
Egnyte,https://jobs.jobvite.com/egnyte,jobvite,egnyte|qLHaVfwh,4,true
JFrog,https://job-boards.greenhouse.io/jfrog,greenhouse,jfrog,4,true
CloudBees,https://www.cloudbees.com/careers,custom,cloudbees-india,4,true
CircleCI,https://job-boards.greenhouse.io/circleci,greenhouse,circleci,3,true
Sonar,https://jobs.lever.co/sonarsource,lever,sonarsource,4,true
Dynatrace,https://careers.dynatrace.com/,custom,dynatrace-india,4,true
Splunk,https://www.splunk.com/en_us/careers.html,custom,splunk-india,5,true
Redis,https://redis.io/careers/,custom,redis-india,4,true
Neo4j,https://job-boards.greenhouse.io/neo4j,greenhouse,neo4j,4,true
Yugabyte,https://www.yugabyte.com/careers/,greenhouse,yugabyte,4,true
SingleStore,https://www.singlestore.com/careers/,greenhouse,singlestore,4,true
DataStax,https://www.datastax.com/company/careers,custom,datastax-india,4,true
Airwallex,https://jobs.ashbyhq.com/airwallex,ashby,airwallex,4,true
Revolut,https://www.revolut.com/careers/,custom,revolut-india,4,true
Tide,https://job-boards.greenhouse.io/tide,greenhouse,tide,4,true
Payoneer,https://job-boards.greenhouse.io/payoneer,greenhouse,payoneer,4,true
Remitly,https://careers.remitly.com/,custom,remitly-india,4,true
Checkout.com,https://www.checkout.com/careers,custom,checkout-com-india,4,true
Klarna,https://www.klarna.com/careers/,custom,klarna-india,4,true
Adyen,https://job-boards.greenhouse.io/adyen,greenhouse,adyen,4,true
Cyware,https://job-boards.greenhouse.io/cyware,greenhouse,cyware,4,true
CloudSEK,https://www.cloudsek.com/careers,greenhouse,cloudsek,4,true
Securonix,https://www.securonix.com/careers/,custom,securonix-india,4,true
ColorTokens,https://colortokens.com/careers/,custom,colortokens-india,4,true
Safe Security,https://safe.security/careers/,custom,safe-security-india,4,true
Seclore,https://www.seclore.com/careers/,custom,seclore-india,4,true
o9 Solutions,https://o9solutions.wd5.myworkdayjobs.com/o9SolutionsExternal,workday,o9solutions|o9SolutionsExternal,4,true
E2open,https://www.e2open.com/company/careers/,custom,e2open-india,4,true
Celigo,https://www.celigo.com/company/careers/,greenhouse,celigo,4,true
Avalara,https://careers.avalara.com/,custom,avalara-india,4,true
Blackbaud,https://blackbaud.wd1.myworkdayjobs.com/ExternalCareers,workday,blackbaud|ExternalCareers,4,true
Ivanti,https://careers.ivanti.com/,custom,ivanti-india,4,true
SolarWinds,https://job-boards.greenhouse.io/solarwinds,greenhouse,solarwinds,4,true
Toast,https://job-boards.greenhouse.io/toast,greenhouse,toast,4,true
Braze,https://job-boards.greenhouse.io/braze,greenhouse,braze,4,true
Klaviyo,https://job-boards.greenhouse.io/klaviyo,greenhouse,klaviyo,4,true
Sprout Social,https://job-boards.greenhouse.io/sproutsocial,greenhouse,sproutsocial,3,true
ZoomInfo,https://job-boards.greenhouse.io/zoominfo,greenhouse,zoominfo,4,true
Amtech Software,https://job-boards.greenhouse.io/amtechsoftware,greenhouse,amtechsoftware,5,true
ValGenesis,https://jobs.lever.co/valgenesis,lever,valgenesis,5,true
Endpoint Clinical,https://jobs.lever.co/endpointclinical,lever,endpointclinical,4,true
TTEC Digital,https://jobs.lever.co/ttecdigital,lever,ttecdigital,4,true
Capco,https://job-boards.greenhouse.io/capco,greenhouse,capco,4,true
Instead,https://job-boards.greenhouse.io/instead,greenhouse,instead,4,true
Gushwork,https://jobs.lever.co/gushwork,lever,gushwork,4,true
Portcast,https://jobs.lever.co/portcast,lever,portcast,3,true
Altimate.ai,https://jobs.ashbyhq.com/altimate,ashby,altimate,4,true
Kognitos,https://jobs.ashbyhq.com/Kognitos,ashby,Kognitos,4,true
Axelera AI,https://jobs.ashbyhq.com/axelera,ashby,axelera,3,true
realfast.ai,https://jobs.ashbyhq.com/realfast,ashby,realfast,3,true
NICE,https://job-boards.greenhouse.io/nice,greenhouse,nice,5,true
PubMatic,https://careers.smartrecruiters.com/PubMatic,smartrecruiters,PubMatic,5,true
Kissflow,https://careers.kissflow.com/,custom,kissflow,4,true
Cornerstone OnDemand,https://www.cornerstoneondemand.com/careers/,custom,cornerstone-ondemand,4,true
SonicWall,https://job-boards.greenhouse.io/sonicwall,greenhouse,sonicwall,5,true
Entrata,https://jobs.lever.co/entrata,lever,entrata,5,true
Gen Digital,https://jobs.ashbyhq.com/gen-digital,ashby,gen-digital,5,true
Addepar,https://job-boards.greenhouse.io/addepar1,greenhouse,addepar1,5,true
AlphaSense India,https://job-boards.greenhouse.io/alphasenseindia,greenhouse,alphasenseindia,5,true
TechGrove by Banyan Software,https://job-boards.greenhouse.io/techgrovebybanyansoftware,greenhouse,techgrovebybanyansoftware,4,true
OpenGov,https://jobs.ashbyhq.com/opengov,ashby,opengov,5,true
iPrimed,https://careers.smartrecruiters.com/IPrimed,smartrecruiters,IPrimed,3,true
Allata,https://jobs.lever.co/Allata,lever,Allata,4,true
Aera Technology,https://jobs.lever.co/aeratechnology,lever,aeratechnology,4,true
Brillio,https://jobs.lever.co/brillio-2,lever,brillio-2,4,true
Xperi,https://jobs.jobvite.com/xperi,jobvite,xperi|q1h9Vfw6,5,true
Anthology,https://jobs.jobvite.com/anthology,jobvite,anthology|q1RaVfwH,4,true
Resilinc,https://jobs.jobvite.com/resilinc,jobvite,resilinc|qWFaVfwq,4,true
Reveal,https://jobs.jobvite.com/reveal,jobvite,reveal|q8UaVfwR,4,true
Barracuda Networks,https://jobs.jobvite.com/barracuda-networks-inc,jobvite,barracuda-networks-inc|qTN9Vfwu,5,true
Skillsoft,https://job-boards.greenhouse.io/skillsoft,greenhouse,skillsoft,4,true
Planful,https://planful.com/jobs/careers-list/,custom,planful,4,true
Akamai Technologies,https://fa-extu-saasfaprod1.fa.ocs.oraclecloud.com/hcmUI/CandidateExperience/en/sites/CX_1,oracle,fa-extu-saasfaprod1.fa.ocs.oraclecloud.com|CX_1,5,true
Costco,https://careers.costco.com/jobs,custom,costco-careers,4,true
Marriott International,https://ejwl.fa.us2.oraclecloud.com/hcmUI/CandidateExperience/en/sites/CX,oracle,ejwl.fa.us2.oraclecloud.com|CX,4,true
Southwest Airlines,https://careers.southwestair.com/in/en/search-results,custom,southwest-airlines-careers,4,true
DoorDash India,https://job-boards.greenhouse.io/doordashindia,greenhouse,doordashindia,4,true
Regeneron,https://careers.regeneron.com/en/jobs/,custom,regeneron-careers,4,true
McKesson,https://careers.mckesson.com/en/location/india-jobs/733/1269750/2,talentbrew,733,4,true
Allstate,https://allstate.wd5.myworkdayjobs.com/allstate_careers,workday,allstate|allstate_careers,4,true
MassMutual India,https://massmutual.wd1.myworkdayjobs.com/MMINDCareersite,workday,massmutual|MMINDCareersite,4,true
HARMAN,https://jobs.harman.com/,custom,harman-careers,4,true
Cargill,https://careers.cargill.com/en/DTD-Careers-Bengaluru,custom,cargill-careers,4,true
CBRE,https://careers.cbre.com/en_US/careers/SearchJobs/,custom,cbre-careers,4,true
JLL,https://jll.wd1.myworkdayjobs.com/jllcareers,workday,jll|jllcareers,4,true
Principal Financial Group,https://careers.principal.com/in/jobs,custom,principal-financial-group-careers,4,true
The Hartford,https://thehartford.wd5.myworkdayjobs.com/Careers_External,workday,thehartford|Careers_External,4,true
GE Vernova,https://gevernova.wd5.myworkdayjobs.com/Vernova_ExternalSite,workday,gevernova|Vernova_ExternalSite,4,true
BD,https://bd.jobs/locations/bengaluru-ind/jobs/,custom,bd-careers,4,true
Zepto,https://www.zepto.com/s/careers,custom,zepto-careers,4,true
Zetwerk,https://www.zetwerk.com/en-us/about-zetwerk/careers/,custom,zetwerk-careers,4,true
OfBusiness,https://www.ofbcareers.com/,custom,ofbusiness-careers,4,true
Rebel Foods,https://www.rebelfoods.com/join-our-team,custom,rebel-foods-careers,4,true
Cars24,https://www.cars24.com/careers/,custom,cars24-careers,4,true
Shiprocket,https://careers.shiprocket.in/,custom,shiprocket-careers,4,true
CarDekho,https://careers.cardekho.com/,custom,cardekho-careers,4,true
Workato,https://www.workato.com/careers,greenhouse,workato,4,true
Automation Anywhere,https://automationanywhere.wd5.myworkdayjobs.com/AutomationAnywhereJobs,workday,automationanywhere|AutomationAnywhereJobs,4,true
Figma,https://www.figma.com/careers/,greenhouse,figma,4,true
Couchbase,https://www.couchbase.com/careers/,greenhouse,couchbaseinc,4,true
Vimeo,https://vimeo.com/careers,custom,vimeo-careers,4,true
ChargePoint,https://job-boards.greenhouse.io/chargepoint,greenhouse,chargepoint,4,true
Avaamo,https://avaamo.ai/careers/,custom,avaamo-careers,4,true
